{
    "rmse": 43313.067566772945,
    "r2 score": 95.45857438811696,
    "mse": 1876021822.0438385,
    "train_score": 0.9931336356105066,
    "test_score": 0.9571300056836531
}