{
    "rmse": 42922.23385133124,
    "r2 score": 95.54016335351392,
    "mse": 1842318158.7883658,
    "train_score": 0.993676503483407,
    "test_score": 0.9574547680971138
}